query_id,bm25_ms,knn_ms,fusion_ms,rerank_ms,total_ms
Q000001,74.94866700000014,31.6022079999998,0.030833000000285438,3578.1890830000007,3684.770791000001
Q000002,30.72912500000058,20.006666999998757,0.025707999999013964,3633.344333,3684.1058329999983
Q000003,27.131166000000206,19.830999999999932,0.027833999999060666,4058.0487079999975,4105.038707999996
Q000004,20.626500000002324,14.746041999998738,0.030750000000523414,3953.3160000000007,3988.7192920000025
Q000005,23.07349999999886,21.105667000000494,0.028374999999414285,3838.8638749999977,3883.0714169999965
Q000006,20.65199999999834,13.303958000001614,0.029749999999495458,3794.8572499999996,3828.842957999999
Q000007,27.405458000000493,13.457958000000048,0.02487500000114551,3698.3472499999975,3739.235540999999
Q000008,23.975124999999764,18.05041700000487,0.0327499999954739,3437.9069169999993,3479.9652089999995
Q000009,17.50229099999956,13.538791000001993,0.029167000000995813,3566.1904580000014,3597.260707000004
Q000010,21.241332999998974,15.032249999997305,0.027791999997361927,3816.6106250000025,3852.911999999996
Q000011,25.627040999999906,13.674207999997634,0.027665999994042068,3424.033250000001,3463.3621649999923
Q000012,16.752500000002613,14.19937500000401,0.028333000003044617,3595.8206670000054,3626.800875000015
Q000013,24.602958000002673,12.369249999998999,0.026332999993883277,3469.532542000003,3506.5310829999985
Q000014,21.77945800000458,15.346250000000339,0.02529200000367382,3375.195624999996,3412.3466250000047
Q000015,18.43124999999901,14.04875000000061,0.032250000003841706,3372.9413329999998,3405.453583000003
Q000016,18.045291999996493,16.537833000001,0.029584000003524125,3458.755625000002,3493.368334000003
Q000017,22.777583000006985,12.814083999998616,0.02987499999562715,3467.713500000002,3503.3350420000033
Q000018,16.114666000007105,13.028583000007643,0.02883300000178224,3647.3337919999976,3676.505874000014
Q000019,21.257625000004055,14.282958000009671,0.030459000001314962,3568.375959000008,3603.947001000023
Q000020,22.277375000001598,13.440166999998837,0.028041999996730738,3476.3447910000023,3512.0903749999993
Q000021,14.104000000003225,14.286708000000203,0.026750000003517016,3403.6652919999997,3432.082750000007
Q000022,23.820083000003933,14.653959000000327,0.031874999990577635,3372.710791000003,3411.216707999998
Q000023,19.254541999998764,14.620084000000588,0.03295899999500307,3589.436957999993,3623.3445429999874
Q000024,15.083917000012548,12.160457999996765,0.02824999999972988,3608.536333999993,3635.8089590000022
Q000025,27.736916999998584,14.212500000013506,0.024041999992618912,3426.2674170000055,3468.2408760000103
Q000026,24.814875000004122,14.282917000002726,0.025250000007304152,3540.2827499999885,3579.4057920000027
Q000027,13.661541999994142,12.126165999987393,0.023749999996880433,3438.8868329999978,3464.698290999976
Q000028,14.990291999993133,12.580791000004865,0.02654099999688242,3465.0630000000006,3492.6606239999956
Q000029,13.955665999986877,12.292874999999981,0.02687500000320142,3504.374041999995,3530.649457999985
Q000030,15.459208999999419,12.900082999991014,0.03154099999846949,3946.5834169999994,3974.9742499999884
Q000031,23.246541000006005,12.961416999999642,0.02824999999972988,3632.6660419999967,3668.902250000002
Q000032,19.78549999999757,13.169417000000294,0.02433299999893279,3633.258584000004,3666.2378340000005
Q000033,14.665708000009658,12.31366599999717,0.028041999996730738,3511.767375000005,3538.7747910000085
Q000034,24.031207999996695,13.864624999996522,0.03145799999515475,3706.9142079999865,3744.8414989999746
Q000035,31.620500000002494,21.096959000004745,0.038999999986799594,3854.432166999999,3907.188625999993
Q000036,27.522250000004078,15.516875000002983,0.031000000006997652,3570.680125000024,3613.7502500000382
Q000037,15.473541000005753,14.30562499999155,0.030167000005576483,3865.449708,3895.259041000003
Q000038,20.210165999998253,15.166208000010784,0.030333000012205957,3956.139417000003,3991.546124000024
Q000039,30.913666999992984,15.70125000000644,0.025332999996408034,3546.596332999997,3593.2365829999926
Q000040,26.316041000001178,17.0831249999992,0.03362499998615931,4111.328708000002,4154.761498999988
Q000041,21.479583000001412,16.61387499999023,0.030083000012837147,4364.828042000027,4402.951583000032
Q000042,26.173333000002685,14.825374999986707,0.03970899999217181,3602.15525000001,3643.1936669999914
Q000043,12.790125000009311,12.325207999992926,0.02612500000509499,3540.5007089999854,3565.6421669999927
Q000044,14.266625000004751,13.622374999982867,0.024707999983775153,3556.6365829999995,3584.550290999971
Q000045,24.050417000012203,43.85654200001454,0.04225000000701584,3612.147125000007,3680.0963340000408
Q000046,23.196124999998347,17.300666000011233,0.03737500000511318,4057.3579579999832,4097.892123999998
Q000047,45.43816599999673,16.78050000001008,0.03204199998663171,3868.608084000016,3930.858792000009
Q000048,13.205499999997983,11.979332999999315,0.02420800001345924,3617.968624999975,3643.177665999986
Q000049,20.71641599999907,13.668166999991627,0.026292000001149063,3596.3988750000053,3630.809749999997
Q000050,22.773499999999558,14.905666000004203,0.03254099999594473,3642.5067080000135,3680.218415000013
Q000051,12.505542000013747,12.622625000005883,0.028624999998783096,3656.362291999983,3681.5190840000014
Q000052,21.462458000002016,13.031249999983174,0.025458999999727894,3742.790874999997,3777.310041999982
Q000053,20.07116699999756,14.693166999990126,0.03341599997952471,3722.7116669999987,3757.5094169999657
Q000054,24.401124999997137,15.95391699999027,0.04174999997985651,3429.339916999993,3469.7367089999602
Q000055,20.115167000000156,16.148291000007475,0.0333749999867905,3630.7081249999837,3667.004957999978
Q000056,19.140708000009,16.130083999996714,0.030874999993102392,4348.30199999999,4383.6036669999885
Q000057,12.53658300001348,14.624333000000433,0.02695800000651616,3595.633541000012,3622.821415000032
Q000058,21.343207999990454,13.82024999998066,0.024959000000990272,3508.9129170000033,3544.1013339999754
Q000059,18.341708999997763,13.92808299999615,0.03083300001094358,3599.8489160000136,3632.1495410000184
Q000060,19.550417000004927,12.7823339999793,0.029665999988992553,3408.0024579999986,3440.364874999972
Q000061,18.131541999991896,15.248249999984864,0.033915999978262334,3700.6056660000013,3734.0193739999563
Q000062,14.831750000013244,13.626874999999927,0.03170800002294527,3595.34879200001,3623.839125000046
Q000063,12.573041999985435,12.716124999997191,0.02833400000668007,3500.60962500001,3525.9271259999996
Q000064,19.944291999991037,15.438291000009485,0.033209000008582734,4095.079999999996,4130.495792000005
Q000065,15.36199999998189,11.699375000006285,0.027291999998624306,3996.2127919999944,4023.301458999981
Q000066,21.22304200000258,14.423541000013529,0.030999999978575943,3657.5345830000006,3693.2121659999952
Q000067,13.971041999980116,10.789000000016813,0.028041999996730738,3521.1387080000236,3545.9267920000175
Q000068,16.826041000001624,13.290332999986276,0.027791000036359037,3463.7431669999614,3493.8873319999857
Q000069,16.327624999973978,13.040790999980345,0.03158300000905001,3667.9577500000278,3697.357748999991
Q000070,15.72391700000253,14.409291999982088,0.02566699998851618,3502.7659169999765,3532.9247929999497
Q000071,13.507790999994995,12.707750000004125,0.02879199996641546,3730.101917000013,3756.3462499999787
Q000072,13.136292000012872,12.352708000037183,0.028833999976995983,3666.867167000021,3692.385001000048
Q000073,20.462042000019665,19.839375000003656,0.02916599999025493,3782.758875000013,3823.0894580000268
Q000074,27.510000000006585,17.999582999948416,0.29795900002227427,3645.351416999972,3691.1589589999494
Q000075,12.777792000008503,10.783749999973224,0.02962499996783663,3941.398208999999,3964.9893759999486
Q000076,16.058832999988226,13.727667000011934,0.030165999987730174,3530.89937499999,3560.716040999978
Q000077,18.510625000033087,14.868499999977303,0.03795800000716554,3517.601250000041,3551.0183330000586
Q000078,16.874125000015283,14.334791999999652,0.034041999981582194,3848.6483330000283,3879.891292000025
Q000079,23.03404200000614,11.19495799997594,0.041915999986485986,3600.657124999998,3634.9280409999665
Q000080,18.277249999982814,12.827999999956319,0.03870799997685026,3576.3366659999747,3607.4806239998907
Q000081,13.527791999990768,12.172749999990629,0.030166999977154774,4141.955791000044,4167.6865000000025
Q000082,16.824457999973674,14.61979200001906,0.030834000028789887,4210.357124999973,4241.832208999995
Q000083,21.717041999977482,13.052791999996316,0.03824999998869316,3657.1913330000143,3691.999416999977
Q000084,13.45458299999791,11.515207999991617,0.03025000000889122,3528.7733749999575,3553.773415999956
Q000085,14.62112500001922,12.969042000008812,0.031417000002420536,3996.9457919999627,4024.567375999993
Q000086,17.31391599997778,14.693209000029128,0.0331669999695805,3773.396749999961,3805.4370419999373
Q000087,27.126250000037544,14.100582999958533,0.03254199998536933,3719.3497920000027,3760.609166999984
Q000088,15.95729199999596,11.003625000000739,0.029208000000835455,4245.61008400002,4272.6002090000175
Q000089,14.437333000046237,13.449917000002642,0.030708999986472918,3746.127999999999,3774.045959000034
Q000090,29.74179099999219,13.922667000031197,0.029834000031314645,3577.6193749999834,3621.313667000038
Q000091,16.716708000046765,12.585084000022562,0.03145800002357646,3438.3821659999967,3467.7154160000896
Q000092,19.3412090000038,13.383666999970956,0.03450000002658271,3555.7312920000186,3588.49066800002
Q000093,15.144582999994327,11.79679199998418,0.028583000016624283,3430.7922500000245,3457.7622080000197
Q000094,16.87295900001118,13.399708000008559,0.029707999999573076,4705.740917000014,4736.043292000033
Q000095,21.976375000008375,12.157875000013973,0.029958000027363596,3652.603916999965,3686.7681250000146
Q000096,13.619709000010971,12.18633299998828,0.022540999964348885,4153.39716699998,4179.225749999943
Q000097,18.015791999971498,21.312667000017882,0.03716600002690029,3781.6469580000103,3821.0125830000266
Q000098,25.93670800001746,12.687792000008358,0.029665999988992553,3713.4786249999934,3752.132791000008
Q000099,13.866957999994156,12.061167000013029,0.02587500000572618,3647.83408400001,3673.788084000023
Q000100,15.216082999984337,11.012290999985908,0.029791000031309522,3794.8851669999613,3821.143331999963
Q000101,14.586500000007163,12.397834000012153,0.03512500001079388,3505.7400830000347,3532.759542000065
Q000102,23.623874999998407,13.010624999992615,0.03133299998125949,3781.2735829999724,3817.9394159999447
Q000103,18.256374999964464,15.701707999994596,0.04454200001191566,3752.8901669999755,3786.8927919999464
Q000104,13.955082999984825,11.486125000033098,0.027416000023094966,3689.295333000018,3714.7639570000592
Q000105,22.876542000005884,15.30241699998669,0.02916699997967953,3646.1366670000075,3684.3447929999797
Q000106,19.338833999995586,11.556834000032268,0.031167000031473435,3525.852083000018,3556.7789180000773
Q000107,15.584165999996458,14.417957999967257,0.04258299998127768,3418.156917000033,3448.201623999978
Q000108,15.231416000005993,13.788750000003347,0.03412500001331864,3703.0707079999843,3732.124999000007
Q000109,13.642458999981955,11.150041999997029,0.029583000014099525,3934.964500000035,3959.786584000028
Q000110,14.403415999993285,11.813415999995414,0.034292000009372714,3733.6856659999853,3759.9367899999834
Q000111,14.834667000002355,13.793375000034303,0.03766700001506251,3431.1544160000267,3459.8201250000784
Q000112,14.49062500000764,12.203666000004887,0.029665999988992553,5102.944459000014,5129.668416000015
Q000113,30.489582999962295,15.955042000030062,0.04875000001902663,3630.295458999967,3676.7888339999786
Q000114,15.027708000047824,11.998708000021452,0.029000000040468876,3993.352167000012,4020.4075830001216
Q000115,66.92799999996168,15.229332999979306,0.04900000004681715,4748.690584000031,4830.896917000018
Q000116,16.895583000007264,19.298917000014626,0.03795800000716554,4093.399708999982,4129.632167000011
Q000117,56.748083000002225,16.875624999954653,0.060791000009885465,3496.005041999979,3569.6895409999456
Q000118,23.159584000040923,13.110374999996566,0.028750000012678356,3557.7741249999804,3594.0728340000305
Q000119,12.748499999986507,11.192499999992833,0.02325000002656452,3679.205749999994,3703.17
Q000120,12.176666000016212,10.214791000009882,0.04029100000479957,3648.553416000027,3670.985164000058
Q000121,29.195291999997153,14.552041000001736,0.03387499998552812,3721.641874999989,3765.4230829999733
Q000122,15.540040999951543,15.462624999997843,0.03220799999326118,3869.2349579999927,3900.2698319999354
Q000123,20.910416999981862,31.191833000036695,0.030083000012837147,4707.154291999985,4759.286625000016
Q000124,33.03637499999468,17.874124999991636,0.03579200000558558,3994.4333750000283,4045.37966700002
Q000125,16.013332999989416,12.316957999985334,0.02770800000462259,3736.692416999972,3765.0504159999514
Q000126,15.839207999988503,11.374041999999918,0.04066700000748824,3778.8869999999974,3806.1409169999934
Q000127,21.004791999985173,14.358082999990529,0.030458000026101217,5034.830833000001,5070.224166000003
Q000128,24.49841700001798,16.627207999988514,0.03529200000684796,3745.7397080000305,3786.900625000044
Q000129,20.068250000008447,13.272249999999985,0.029208000000835455,3675.01229100003,3708.3819990000393
Q000130,15.527792000000318,12.31345799999417,0.03275000000257933,4274.092540999959,4301.966540999956
Q000131,13.633667000021887,13.728125000000091,0.03474999999752981,3643.170375000011,3670.5669170000306
Q000132,12.567250000017793,12.250957999981438,0.028457999974307313,3544.3829579999715,3569.229623999945
Q000133,23.10408300002109,12.44395800000575,0.028457999974307313,3622.222500000021,3657.798999000022
Q000134,13.041541999996298,14.958125000021028,0.03558299999895098,3686.815165999974,3714.85041599999
Q000135,12.672249999923224,11.705750000032822,0.028249999900253897,3511.2705410000444,3535.6767909999007
Q000136,14.589208999950642,10.575958000003993,0.02441699996325042,4024.857500000053,4050.0470839999707
Q000137,61.780832999943414,17.79183299993292,0.029833000098733464,3940.5769579999514,4020.1794569999265
Q000138,25.780209000004106,22.91412500005663,0.05383400002756389,3795.4567079999606,3844.204876000049
Q000139,23.481874999902175,20.021166999981688,0.026624999918567482,3638.8027079999574,3682.33237499976
Q000140,22.31591700001445,17.78583299994807,0.032875000101739715,3705.6572919999553,3745.7919170000196
Q000141,26.882249999971464,14.970457999993414,0.03824999998869316,3708.142665999958,3750.0336239999115
Q000142,21.503833999986455,18.79695900004208,0.03458399999090034,4688.870208000026,4729.205585000045
Q000143,32.565624999961074,23.974124999995183,0.04904200000055425,3915.197207999995,3971.785999999952
Q000144,20.629833000043618,18.348000000059983,0.03400000002784509,3793.802000000028,3832.8138330001593
Q000145,22.858332999931008,14.278999999987718,0.025708999942253286,3765.7367080000768,3802.8997499999377
Q000146,22.980958000061946,20.035459000041556,0.03595800001221505,3931.473624999967,3974.5260000000826
Q000147,57.577082999955564,22.979750000104104,0.04158299998380244,3722.78454100001,3803.3829570000535
Q000148,19.245209000018804,15.106375000073058,0.03941699992537906,3537.945499999978,3572.336500999995
Q000149,14.507332999983191,14.834167000003617,0.025332999939564615,3372.24916699995,3401.6159999998763
Q000150,18.428207999932056,15.5165420000003,0.03050000009352516,4165.315999999962,4199.2912499999875
Q000151,39.44962500008842,14.837583000030463,0.047957999981917965,4114.349999999945,4168.685166000046
Q000152,17.948292000028232,13.559166000050027,0.027416999955676147,3996.583375,4028.118250000034
Q000153,24.077042000044457,21.36716699999397,0.037208000094324234,3761.5003749999687,3806.9817920001014
Q000154,13.937041999952271,12.356542000020454,0.02808399995046784,4021.6360000000577,4047.957667999981
Q000155,22.652249999964624,13.127875000009226,0.03037500005120819,3766.5130000000318,3802.323500000057
Q000156,16.064125000070817,12.964041000032012,0.02987499999562715,4392.18362500003,4421.241666000128
Q000157,40.11941700002808,15.835790999972232,0.037916999986009614,3735.179333000019,3791.1724580000055
Q000158,20.03804199989645,13.60033299999941,0.03762500000448199,3712.8057079999053,3746.4817079998056
Q000159,75.47516600004656,32.791791000022386,0.07000000005064066,3493.6952089999522,3602.032166000072
Q000160,19.850834000067152,14.375749999999243,0.05670799998824805,3883.438166000019,3917.7214580000737
Q000161,22.356040999966353,18.122875000017302,0.028584000006048882,3474.8099579999234,3515.317457999913
Q000162,18.54274999993777,21.04062499995507,0.034291000019948115,4168.100625000079,4207.718290999992
Q000163,28.419874999940475,23.675125000067965,0.03095800002483884,4472.427124999967,4524.553083000001
Q000164,20.212208999964787,20.18283400002474,0.03270800004884222,3646.885791999921,3687.3135429999593
Q000165,22.395041999971,18.485166000004938,0.0360420000333761,4455.5098749999615,4496.426124999971
Q000166,40.57529199997134,22.131333999936942,0.03945900004964642,3620.177916999978,3682.924001999936
Q000167,22.986166999999114,15.037042000017209,0.03037500005120819,4720.538416999943,4758.592001000011
Q000168,24.581832999956532,16.16770800001177,0.034292000009372714,3775.850332999994,3816.6341659999716
Q000169,33.602667000081965,25.365624999949432,0.031040999942888448,4362.318542000025,4421.317875
Q000170,28.40250000008382,25.094207999927676,0.03449999996973929,3534.485457999949,3588.0166659999304
Q000171,24.163208999993913,20.940417000019806,0.036500000078376615,4448.018082999965,4493.1582090000575
Q000172,35.00154100004238,22.899499999994077,0.03870800003369368,4567.467040999986,4625.406790000056
Q000173,42.71174999996674,31.589166999992813,0.03233300003557815,3662.856207999994,3737.189457999989
Q000174,44.76766600009796,20.816666999962763,0.11045799999465089,3886.610291000011,3952.3050820000662
Q000175,26.281792000077075,17.38458299996637,0.0324170000567392,3566.8293749999975,3610.5281670000977
Q000176,18.0955419999691,20.744334000028175,0.03145799996673304,4324.730125000087,4363.601459000051
Q000177,20.90579200000775,22.727415999952427,0.029082999958518485,3627.1611250000433,3670.823415999962
Q000178,35.72833299995182,24.129291999997804,0.044791999926019344,3904.564708999942,3964.4671259998177
Q000179,19.668541999976696,19.593625000084103,0.02979200007757754,3681.157209000048,3720.4491680001865
Q000180,15.407957999968858,15.459583999927418,0.024749999965933966,3894.6837920000235,3925.5760839998857
Q000181,28.268166999964706,16.970458999935545,0.02879099997699086,5782.371667000007,5827.639083999884
Q000182,32.40925000000061,21.94279100001495,0.0423750000209111,3862.317874999917,3916.7122909999534
Q000183,25.157166999974834,24.361083000030703,0.02795800003241311,4020.3889579998986,4069.9351659999365
Q000184,29.620207999982995,17.12350000002516,0.03120799999578594,3612.1378750000304,3658.9127910000343
Q000185,31.382540999970843,19.056417000001602,0.046750000024076144,3562.8997080000318,3613.3854160000283
Q000186,20.63283400002547,20.04437499999767,0.030791999961365946,3675.2980420000085,3716.006042999993
Q000187,27.23724999998467,21.400584000048184,0.025375000063831976,4776.755584000057,4825.4187930001535
Q000188,45.20654199995988,21.44758399992952,0.043375000018386345,4168.0422919999955,4234.739792999903
Q000189,28.502500000058717,19.466249999936736,0.02516600000035396,3808.2897090000642,3856.28362500006
Q000190,27.503959000000577,18.579708000061146,0.028584000006048882,3957.858207999948,4003.9704590000156
Q000191,38.021500000013475,21.15033300003688,0.03970800003116892,4460.20175000001,4519.413291000092
Q000192,28.062917000056586,20.98395799998798,0.03287499998805288,4425.27599999994,4474.355749999972
Q000193,35.53450000003977,22.136875000001055,0.04308400002628332,4105.858791999935,4163.5732510000025
Q000194,25.107999999931963,22.86916699995345,0.030583000011574768,3841.051083000025,3889.058832999922
Q000195,31.245584000089366,18.936917000019093,0.037334000012378965,4249.0055419999635,4299.225377000084
Q000196,30.05350000000817,20.434874999978092,0.03083399997194647,4217.921665999938,4268.440874999897
Q000197,39.36191599996164,23.29312500000924,0.04200000000764703,3751.6767910000226,3814.373832000001
Q000198,26.69858399997338,17.93695799995021,0.026999999931831553,3944.494082999995,3989.1566249998505
Q000199,34.1077090000681,20.74325000000954,0.041584000086913875,3551.503000000025,3606.3955430001897
Q000200,19.571666999922854,19.12125000001197,0.029583000014099525,3755.2289999999857,3793.9514999999346
Q000201,26.286540999990393,16.2217499999997,0.029250000011415977,3821.7201659999773,3864.257706999979
Q000202,32.38162499997088,22.591041000055156,0.039542000081382866,4122.290792000058,4177.303000000165
Q000203,39.004874999932326,26.067667000006622,0.0374579999515845,3621.22208400001,3686.3320839999005
Q000204,30.374166000001424,22.819708999918475,0.0423750000209111,3680.691333000027,3733.927582999968
Q000205,27.30054200003451,19.71533300002193,0.03691699998853437,3760.648500000002,3807.701292000047
Q000206,19.26354199997604,16.87266700002965,0.027667000040310086,4568.295042000045,4604.458918000091
Q000207,164.95645800000602,96.13316599995869,0.03958399997827655,3685.8217499999455,3946.9509579998885
Q000208,21.654333000014958,19.979958000021725,0.031874999990577635,3737.5786669999798,3779.244833000007
Q000209,23.830666999970163,21.811749999983476,0.029083000072205323,3776.0427500001015,3821.7142500001273
Q000210,26.955541999996058,21.340333000011924,0.030584000000999367,4131.139166999901,4179.46562599991
Q000211,28.04524999999103,20.725459000004776,0.04704200000560377,3824.034625000081,3872.8523760000826
Q000212,19.951708000007784,20.90654200003428,0.034166999967055744,3892.324042000041,3933.2164590000502
Q000213,18.68679200003953,18.66091699992012,0.034040999935314176,3938.164833999963,3975.546583999858
Q000214,33.73629199995776,20.005083000000923,0.028250000013940735,3807.564040999978,3861.3336659999504
Q000215,24.397124999950393,18.20745799989254,0.034291000019948115,3822.692542000027,3865.33141599989
Q000216,21.33470799992665,15.901458000030289,0.02758300001914904,4525.61004100005,4562.873790000026
Q000217,49.438583000096514,20.502041999975518,0.04349999994701648,4251.85629200007,4321.8404170000895
Q000218,21.762458000011975,19.330540999931145,0.029250000011415977,3943.0793330000142,3984.2015819999688
Q000219,20.914167000000816,17.54641700006232,0.031417000059263955,4977.1078750000015,5015.599876000124
Q000220,75.2957920000199,41.40150000000631,0.0568749999274587,5355.820083000026,5472.57424999998
Q000221,57.15299999997114,27.909666000027755,0.0496249999741849,4740.680042000008,4825.792332999981
Q000222,37.590166000086356,24.546457999917948,0.23412499990627111,4658.538709000027,4720.909457999937
Q000223,41.579625000053966,20.2182080000739,0.035625000009531504,4003.8320830000202,4065.6655410001576
Q000224,26.249458000052073,18.590667000012218,0.035167000078217825,3870.707541999991,3915.5828340001335
Q000225,32.24270900000192,18.14937500000724,0.02949999998236308,3606.494458000043,3656.9160420000344
Q000226,23.9299590000428,21.808542000030684,0.038416000052166055,3750.5034170000044,3796.28033400013
Q000227,23.648667000088608,20.264916999963134,0.03062500002215529,4041.695415999925,4085.639624999999
Q000228,20.14445899999373,16.301624999982778,0.032250000003841706,4845.515791999901,4881.994125999881
Q000229,62.49358399998073,32.188417000043046,0.11520800001108,4255.7027919999655,4350.500001
Q000230,30.51620799999455,22.603458000048704,0.030208999987735297,5005.51966699993,5058.669541999961
Q000231,48.47254200001316,27.92299999998704,0.04541700002391735,5118.299167000032,5194.740126000056
Q000232,168.2525829999122,130.44341600004827,0.029708000056416495,4507.707499999924,4806.433206999941
Q000233,21.00245899998754,38.66579099997125,0.044834000050286704,4219.308332999958,4279.021416999967
Q000234,53.19041699999616,28.887250000025233,0.051207999945290794,3891.9449999999642,3974.073874999931
Q000235,31.923499999948035,22.0624170000292,0.05412500001966691,4098.733916000015,4152.773958000012
Q000236,34.16200000003755,18.785208999929637,0.03179199995884119,4760.525874999985,4813.504875999911
Q000237,28.537208999978247,17.276292000019566,0.0326660000382617,5091.190542000049,5137.0367090000855
Q000238,63.101917000039975,26.83420800008207,0.04500000000007276,4644.706166999981,4734.687292000103
Q000239,131.9767499999216,103.37391600000956,0.056791999895722256,4158.761707999929,4394.169165999756
Q000240,35.171332999993865,24.144041999988985,0.03812499994637619,4863.852167000005,4923.205666999934
Q000241,29.63004200000796,23.549042000013287,0.02949999998236308,4076.783542000044,4129.992126000047
Q000242,30.216290999987905,26.725707999958104,0.061040999980832567,5304.449999999974,5361.453039999901
Q000243,48.391457999969134,24.67516699994121,0.05041700001129357,4362.904167000011,4436.021208999932
Q000244,30.625041999996938,23.883500000010827,0.037916999986009614,4361.392083000055,4415.938542000049
Q000245,39.52804200002902,24.57883399995353,0.03795800000716554,4323.396208999952,4387.541042999942
Q000246,29.254915999899822,22.135667000043213,0.029000000040468876,5096.0982499999545,5147.517832999938
Q000247,44.36537499998394,26.702666999995017,0.057792000006884336,4514.734707999992,4585.860541999978
Q000248,36.3983750000898,24.952500000040345,0.03545800007032085,4346.983333000026,4408.369666000226
Q000249,28.36916600006134,21.21262499997556,0.03858399998080131,3668.129125000064,3717.7495000000818
Q000250,30.002208999917457,18.68333300001268,0.028749999955834937,5475.982957999918,5524.697249999804
Q000251,42.147624999984146,26.605082999935803,0.032957999906102486,4080.0173330000007,4148.802998999827
Q000252,26.7535409999482,21.42454199997701,0.03337500004363392,3724.5062080000935,3772.7176660000623
Q000253,28.41966699998011,22.795999999971173,0.0329169999986334,3976.156166999999,4027.404750999949
Q000254,37.79245799989894,26.679959000034614,0.05470799999329756,5222.406875000047,5286.933999999974
Q000255,50.48612499990668,30.44533299998875,0.08933300000535382,5139.423165999915,5220.443956999816
Q000256,56.30629200004478,80.97308300011719,0.8366659999410331,8630.601249999927,8768.71729100003
Q000257,43.51866600018184,28.29079200000706,0.05383300003813929,5615.184499999941,5687.047791000168
Q000258,33.60833400006413,22.838999999976295,0.023667000050409115,4991.141207999817,5047.612208999908
Q000259,38.79979100020137,25.93279200004872,0.03754199997274554,4453.6217500001385,4518.391875000361
Q000260,29.90558300007251,20.916999999826658,0.029750000066997018,5175.048790999881,5225.901123999847
Q000261,30.522792000056143,24.57425000011426,0.04654099984691129,4489.447708000171,4544.591291000188
Q000262,34.277999999858366,25.75070800003232,0.031917000114844996,3877.6224579999052,3937.6830829999108
Q000263,27.26812500009146,13.833916000066893,0.0307079999402049,3602.2272499999417,3643.3599990000403
Q000264,19.549707999885868,11.34587499996087,0.03233300003557815,3705.2268750001076,3736.15479099999
Q000265,23.836959000163915,15.912208999907307,0.03812499994637619,5084.7325830000045,5124.519876000022
Q000266,22.779915999990408,13.709583000036218,0.029583000014099525,3578.478916999984,3614.9979990000247
Q000267,29.08724999997503,14.636207999956241,0.04937499988955096,5481.244999999944,5525.017832999765
Q000268,31.663874999821928,17.762167000000773,0.041834000057860976,3820.7664999999906,3870.234375999871
Q000269,15.65125000001899,17.740208000077473,0.032707999935155385,4347.614209000085,4381.0383750001165
Q000270,25.32799999994495,14.976750000187167,0.04358299997875292,5424.083915999972,5464.432249000083
Q000271,38.128665999920486,14.142875000061395,0.041415999930904945,5674.583499999926,5726.896456999839
Q000272,56.77633400000559,130.68616600003224,0.8341249999830325,5478.8107919998765,5667.107416999897
Q000273,62.40283299985094,28.931333999935305,0.0423750000209111,4512.351041999864,4603.727583999671
Q000274,22.241584000084913,23.003625000001193,0.02979200007757754,5046.678334000035,5091.953335000198
Q000275,46.90533300004063,34.896499999831576,0.04120899984627613,4533.4687920001215,4615.31183399984
Q000276,23.155291999955807,17.80604200007474,0.03391700010979548,4020.8056249998663,4061.8008760000066
Q000277,25.26383400004306,22.179957999924227,0.03100000003541936,3783.9040839999143,3831.378875999917
Q000278,21.320957999932943,24.70749999997679,0.03258400010963669,3821.084959000018,3867.1460010000374
Q000279,20.141374999866457,20.02058399989437,0.03362500001458102,4216.468041000098,4256.663624999874
Q000280,61.925500000143074,22.39824999992379,0.040833999946698896,5676.370707999922,5760.735291999936
Q000281,36.76062499994259,28.861833000064507,0.04658400007429009,3697.1045419998063,3762.7735839998877
Q000282,21.987666000086392,20.941541999945912,0.051708000000871834,4085.5385410000054,4128.5194570000385
Q000283,28.047250000099666,20.612625000012486,0.0273329999345151,4185.090958000046,4233.778166000093
Q000284,23.19745799991324,21.847375000106695,0.044583000089915004,4187.25633300005,4232.34574900016
Q000285,22.656541000060315,21.638499999880878,0.03320899986647419,4197.995875000061,4242.324124999868
Q000286,25.70687499996893,18.44737500005067,0.03274999994573591,4778.505832999826,4822.692832999792
Q000287,35.93295899986515,24.61779200007186,0.04841700001634308,4741.945916999839,4802.545084999792
Q000288,18.632540999988123,20.9852079999564,0.03324999988763011,3904.366333000098,3944.0173319999303
Q000289,24.271291999866662,19.07900000014706,0.031957999908627244,4249.158374999979,4292.540624999901
Q000290,39.09733299997242,30.053167000005487,0.054249999948297045,4523.50745800004,4592.712207999966
Q000291,19.658457999867096,18.79833300017708,0.03641700004664017,3970.5925840000873,4009.085792000178
Q000292,23.354667000148766,16.518000000132815,0.03062500013584213,4361.0876669999925,4400.99095900041
Q000293,29.923874999894906,17.66845900010594,0.03512499984026363,5619.390166999892,5667.017625999733
Q000294,23.52458299992577,15.70229100002507,0.028375000056257704,5164.763167000046,5204.018416000054
Q000295,39.98345800005154,20.81399999997302,0.03783399984058633,3679.35062499987,3740.185916999735
Q000296,19.467166999902474,16.561666999905356,0.030083999945418327,4173.2072919999155,4209.266209999669
Q000297,24.88662500013561,17.579042000079426,0.028708999934679014,3818.567792000067,3861.062168000217
Q000298,35.0695000001906,18.457041999909052,0.14858400004413852,4073.546709000084,4127.221835000228
Q000299,22.150250000095184,15.78549999999268,0.030207999998310697,3681.097667000131,3719.063625000217
Q000300,19.635791000155223,23.887500000000728,0.030791999961365946,3653.2270000000153,3696.7810830001326
Q000301,20.05725000003622,15.84470800003146,0.030583000125261606,5217.299707999928,5253.232249000121
Q000302,39.62762500009376,19.789499999887994,0.047332999884019955,3930.5330830000003,3989.997540999866
Q000303,29.726041999992958,21.76812500010783,0.032250000003841706,3654.8128750000615,3706.339292000166
Q000304,34.11091700013458,18.770249999988664,0.029290999918885063,4222.094458000129,4275.004916000171
Q000305,35.91991700000108,21.347165999941353,0.03437500004110916,3870.6039999999575,3927.905457999941
Q000306,22.986040999967372,19.6889999999712,0.03154199998789409,4742.124999999987,4784.831582999914
Q000307,34.67370899988964,17.845208000153434,0.0374579999515845,4539.414000000079,4591.970375000074
Q000308,33.324750000019776,22.707125000124506,0.03570800004126795,4425.513916999989,4481.581500000175
Q000309,26.668833999792696,21.080291999851397,0.03391700010979548,3981.022959000029,4028.806001999783
Q000310,35.23249999989275,14.700375000074928,0.037416999930428574,3908.26375000006,3958.234041999958
Q000311,22.75570799997695,17.642667000018264,0.03366700002516154,4037.1378340000774,4077.569876000098
Q000312,101.77229200007787,22.138332999929844,0.04895899996881781,5124.620957999923,5248.5805419999
Q000313,34.84283300008428,18.58295800002452,0.04804200011676585,3949.3005829999674,4002.774416000193
Q000314,16.15433300003133,12.518750000026557,0.031792000072528026,3597.730124999998,3626.4350000001286
Q000315,14.202290999946854,12.432499999931679,0.03166699980283738,4759.802000000036,4786.468457999717
Q000316,38.05083400015974,21.683124999981374,0.043000000005122274,4181.673792000083,4241.4507510002295
Q000317,42.611333999957424,14.475958999810246,0.03570900003069255,4163.125166999862,4220.24816899966
Q000318,13.16533299996081,12.002917000017987,0.029750000066997018,5280.447374999994,5305.64537500004
Q000319,32.0376249999299,19.37974999987091,0.041667000004963484,3692.050667000103,3743.509708999909
Q000320,24.683999999979278,18.9730839999811,0.03208300017831789,4131.53929200007,4175.228459000209
Q000321,41.31329100005132,22.407958000030703,0.04149999995206599,3921.1721249998845,3984.9348739999186
Q000322,21.1620000000039,15.457583000170416,0.0268329999926209,3812.22920800019,3848.8756240003568
Q000323,25.909624999940206,13.293291000081808,0.03195899989805184,4207.398499999954,4246.633374999874
Q000324,20.04283399992346,15.763875000175176,0.02491600002940686,5187.148167000032,5222.97979200016
Q000325,33.37850000002618,16.739708000159226,0.03199999991920777,5268.161834000011,5318.312042000116
Q000326,47.90462500000103,22.406000000046333,0.05066699986855383,4878.442333000066,4948.803624999982
Q000327,37.518708000106926,24.06891700002234,0.04466700011107605,6480.223125000066,6541.855417000306
Q000328,55.04258399992068,38.69970799996736,0.1947910000126285,9628.927499999918,9722.864582999819
Q000329,50.88354200006506,66.29654099992877,0.038874999972904334,5305.616459000021,5422.8354169999875
Q000330,54.879167000081,22.998749999942447,0.04149999995206599,5536.482917000058,5614.402334000033
Q000331,71.51587499993184,34.655083999950875,0.045666000005439855,4795.361624999941,4901.5782499998295
Q000332,43.87724999992315,39.03104100004384,0.04029100000479957,11270.578125000156,11353.526707000128
Q000333,37.73858299996391,21.071459000040704,0.03912500005753827,4595.575082999858,4654.42424999992
Q000334,32.9005410001173,20.953374999862717,0.02637500006130722,5403.525833000003,5457.406124000045
Q000335,36.80824999992183,23.591707999912614,0.03883299996232381,4378.750124999897,4439.188915999694
Q000336,22.290040999905614,18.39774999984911,0.027666000050885486,3791.6859580000164,3832.401414999822
Q000337,26.637499999878855,22.593416999825422,0.02658399989741156,5624.101083000141,5673.358583999743
Q000338,58.11370900005386,26.05658300012692,0.038834000179122086,4599.529832999906,4683.738959000266
Q000339,31.477540999958364,25.394499999947584,0.03612499995142571,4870.592917000067,4927.501082999925
Q000340,192.05129200008741,196.28270799989878,0.05395799985308258,4311.551082999813,4699.939040999652
Q000341,25.583167000149842,27.061832999834223,0.030917000003682915,4520.882375000156,4573.558292000143
Q000342,35.719584000162286,33.07720800012248,0.04604099990501709,5726.409832999934,5795.252666000124
Q000343,53.42491700002938,25.111250000009022,0.04283299995222478,4897.292458000038,4975.871458000029
Q000344,150.226832999806,28.15945899988037,0.6740829999216658,4623.466667000002,4802.52704199961
Q000345,30.52008399981787,24.11762500014447,0.026916000024357345,4888.045624999904,4942.710249999891
Q000346,45.72250000001077,74.30933299997378,0.07612500007780909,6334.506625000131,6454.614583000193
Q000347,34.98204200013788,28.398292000019865,0.040333000015380094,5524.213165999981,5587.6338330001545
Q000348,68.80958300007478,37.2927079999954,0.39366599980894534,5196.674458999951,5303.17041599983
Q000349,40.913541999998415,16.997917000026064,0.04695799998444272,4862.164415999814,4920.122832999823
Q000350,29.808958000103303,15.740208000124767,0.03766700001506251,4908.775959000195,4954.362792000438
Q000351,13.410250000106316,12.929708999990908,0.04458299986254133,3739.0687920001255,3765.4533340000853
Q000352,40.61329099999966,20.791249999774664,0.04937500011692464,4946.558167000148,5008.01208300004
Q000353,18.54233399990335,27.115959000184375,0.12008299995613925,5533.241207999936,5579.01958399998
Q000354,37.996625000005224,27.43654199980483,0.049249999847233994,3828.1779159999587,3893.660332999616
Q000355,25.961833000110346,17.399250000153188,0.030542000104105682,3875.720542000181,3919.1121670005487
Q000356,19.04304200002116,26.407000000062908,0.028499999871201,4012.9170420000264,4058.3955839999817
Q000357,18.27137500004028,15.25349999997161,0.02700000004551839,3881.8096669999704,3915.361542000028
Q000358,19.178708000026745,16.65679200004888,0.030125000193947926,3895.3515839998545,3931.217209000124
Q000359,27.88504099999045,19.12091600001986,0.03604099993026466,3765.840457999957,3812.8824559998975
Q000360,22.39862499982337,18.017332999988867,0.024749999965933966,3637.121999999863,3677.562707999641
Q000361,20.977166999955443,15.078083999924274,0.028833999976995983,3660.9424590001254,3697.026543999982
Q000362,23.74145899989344,16.76145900000847,0.03491600000415929,3841.36920800006,3881.907041999966
Q000363,27.926167000032365,19.80291700010639,0.04529099987848895,3911.864874999992,3959.6392500000093
Q000364,24.930957999913517,19.028499999876658,0.03274999994573591,3706.0093750001215,3750.0015829998574
Q000365,25.152499999876454,19.425542000135465,0.040333000015380094,4057.6246250000167,4102.243000000044
Q000366,28.05529200009005,22.035249999817097,0.02541699996072566,4097.660499999847,4147.776458999715
Q000367,142.3824579999291,35.22862499994517,0.07362499991359073,3885.868708000089,4063.553415999877
Q000368,19.281500000033702,17.684583000118437,0.02999999992425728,3680.5945839998913,3717.5906669999677
Q000369,35.81441699998322,20.132208000177343,0.03483399996184744,4384.548959000085,4440.530418000208
Q000370,42.56504199997835,24.401624999882188,0.03399999991415825,4390.909167000018,4457.909833999793
Q000371,30.33204200005457,23.63720799985458,0.043125000047439244,3872.630000000072,3926.6423750000286
Q000372,20.509958000047845,19.899916999975176,0.03266700014137314,4100.845707999952,4141.288250000116
Q000373,35.90716600001542,18.698166999911336,0.03825000021606684,4614.132416999837,4668.77599999998
Q000374,41.37562500000058,29.885040999943158,0.03279099996689183,4465.291541999932,4536.584998999842
Q000375,27.775042000030226,24.477875000002314,0.04970800000592135,4163.778082999897,4216.080707999936
Q000376,74.80404100010674,26.367375000063475,0.12729199988825712,6382.612542000061,6483.911250000119
Q000377,94.70666699985486,154.92954199999076,0.04549999994196696,4662.2806670000045,4911.962375999792
Q000378,30.27666599996337,20.196416999851863,0.03391700010979548,4460.625374999836,4511.132374999761
Q000379,26.209458000039376,14.907792000030895,0.044915999978911714,4006.6461660001096,4047.8083320001588
Q000380,42.18637500002842,22.639124999841442,0.02779199985525338,4281.432832999826,4346.286124999551
Q000381,24.01687499991567,22.60237500013318,0.045209000063550775,4420.06983400006,4466.734293000172
Q000382,46.380250000083834,21.2455000000773,0.05020899993724015,4591.180165999958,4658.856125000057
Q000383,141.24912500005848,98.24379199994837,0.08712499993634992,4140.823334000061,4380.403376000004
Q000384,26.689540999996098,262.1516669998982,0.07633299992448883,3759.3669589998626,4048.2844999996814
Q000385,37.06637499999488,18.819957999994585,0.030542000104105682,4582.973415999959,4638.8902910000525
Q000386,28.196041999990484,20.06720800000039,0.04074999992553785,4332.518333000053,4380.822332999969
Q000387,22.75070800010326,23.161333000189188,0.03820899996753724,3693.621624999878,3739.571875000138
Q000388,24.20012500010671,15.982166000185316,0.028582999902937445,3993.2743340000343,4033.4852080002292
Q000389,17.27379099997961,12.075707999883889,0.0290420000510494,3919.325625000056,3948.7041659999704
Q000390,15.100667000069734,12.849499999902037,0.03870800014738052,3813.44320900007,3841.432084000189
Q000391,15.37762499992823,11.910666999938258,0.03420799998821167,4631.185249999817,4658.507749999671
Q000392,24.864750000006097,15.876624999918931,0.03879200016854156,4661.468875000082,4702.249042000176
Q000393,15.620625000110522,11.257417000024361,0.03254199987168249,3976.060958999824,4002.9715429998305
Q000394,27.31912499984901,14.344791999974404,0.033583000004000496,3757.8466249999565,3799.544124999784
Q000395,10.613041000169687,9.757750000062515,0.025415999971301062,4188.148833000014,4208.545040000217
Q000396,16.56504099992162,12.528083000006518,0.031792000072528026,3818.053917000043,3847.1788330000436
Q000397,31.376208999972732,19.9020830000336,0.050999999984924216,3615.055375000111,3666.384667000102
Q000398,15.633624999964013,12.431957999979204,0.03229200001442223,4206.5114170000015,4234.609291999959
Q000399,17.39279200000965,10.74879099996906,0.03145799996673304,3764.332041999978,3792.5050829999236
Q000400,24.19204200009517,14.623708000044644,0.03958299998885195,4202.428332999943,4241.283666000072
Q000401,18.41100000001461,19.99483299982785,0.03891699998348486,5217.181915999845,5255.626665999671
Q000402,22.022125000148662,16.525249999858715,0.039624999999432475,4302.638375000015,4341.225375000022
Q000403,31.38224999997874,19.38691700001982,0.03287499998805288,3992.7581249999093,4043.560166999896
Q000404,18.38237499987372,15.98491700019622,0.026999999818144715,3765.4744579999715,3799.8687499998596
Q000405,21.051083000202198,21.59566599993923,0.03779199983000581,4626.509708999947,4669.194249999919
Q000406,35.77891700001601,23.710624999921492,0.046417000021392596,4418.87133299997,4478.407291999929
Q000407,22.26566600006663,17.08033299996714,0.03249999986110197,3841.0244169999714,3880.4029159998663
Q000408,36.32608399993842,18.031457999995837,0.04712499980996654,3716.8887919999634,3771.2934589997076
Q000409,23.002415999826553,16.863166000121055,0.03366700002516154,3751.1397079999824,3791.038956999955
Q000410,16.685583000025872,18.15187500005777,0.030166999977154774,4973.879874999966,5008.747500000027
Q000411,42.57275000009031,18.592958999988696,0.03737499991984805,3619.7902080000404,3680.993292000039
Q000412,24.796166999976776,32.14220799986833,0.03566700002011203,3772.967708000124,3829.941749999989
Q000413,31.527833000154715,24.303250000002663,0.03808299993579567,5902.425042000004,5958.294208000098
Q000414,124.57504200006042,141.8468340000345,0.02916600010394177,3742.3412079999707,4008.7922500001696
Q000415,27.89608400007637,20.338959000127943,0.030874999993102392,3651.655749999918,3699.9216680001155
Q000416,38.74816600000486,24.903292000090005,0.09149999982582813,3834.478167000043,3898.2211249999636
Q000417,26.956624999911583,22.516791000043668,0.030292000019471743,3645.6458749999,3695.149582999875
Q000418,23.01391700007116,18.703541999911977,0.028375000056257704,3582.713374999912,3624.4592089999514
Q000419,20.56129199991119,17.69649999982903,0.032250000003841706,3659.8994580001545,3698.1894999998985
Q000420,24.810916999967958,16.640666000057536,0.030458000082944636,3552.842207999902,3594.3242490000102
Q000421,28.97395799982405,20.006709000199407,0.03387499987184128,4146.223208000038,4195.237749999933
Q000422,29.23229199996058,22.28933300011704,0.04208299992569664,3946.941165999988,3998.504873999991
Q000423,20.751625000002605,16.43545900014942,0.03179100008310343,4043.8308749999123,4081.0497500001475
Q000424,35.084624999853986,17.54208300008031,0.025708000066515524,3732.1875420000197,3784.8399580000205
Q000425,34.2016249999233,25.18750000012915,0.04158299998380244,3837.9417080000167,3897.372416000053
Q000426,38.13949999994293,18.777666999994835,0.032707999935155385,3714.5149160000983,3771.4647909999712
Q000427,28.621791999967172,23.193374999891603,0.03416700019442942,4384.913500000039,4436.762834000092
Q000428,36.966874999961874,21.300666000115598,0.034749999940686394,3837.882167000089,3896.184458000107
Q000429,24.89033400001972,23.78741600000467,0.0367919999462174,4194.165459000033,4242.880001000003
Q000430,44.293166999977984,23.476791999883062,0.03520800009937375,3904.102082999998,3971.9072499999584
Q000431,22.3033749998649,44.473166999978275,0.04258300009496452,4060.542375000068,4127.361500000006
Q000432,29.14954199991371,32.68816600007085,0.04670799989980878,3787.5700829999914,3849.454498999876
Q000433,29.09854099993936,17.13166700005786,0.03050000009352516,3758.8916669999435,3805.152375000034
Q000434,20.710833000066486,15.507625000054759,0.03025000000889122,3674.7755410001446,3711.0242490002747
Q000435,66.91708399989693,19.61879200007388,0.07245899996632943,3923.5799999999017,4010.188334999839
Q000436,24.577249999993,20.090083000013692,0.0318749998768908,4384.10804199998,4428.807249999863
Q000437,28.937999999925523,23.082042000169167,0.030292000019471743,4017.544874999885,4069.595208999999
Q000438,30.864916999917114,23.952624999992622,0.046874999952706276,4665.914500000099,4720.778916999961
Q000439,27.227875000107815,18.287000000100306,0.02687500000320142,4623.99941700005,4669.541167000261
Q000440,28.880875000140804,18.278292000104557,0.044750000142812496,4034.3044579999514,4081.5083750003396
Q000441,26.485374999992928,18.276667000009184,0.031832999866310274,4065.952500000094,4110.746374999962
Q000442,22.12129100007587,17.014084000038565,0.029916999892520835,4195.040208000137,4234.205500000144
Q000443,28.375832999927297,21.057458000086626,0.03550000019458821,3718.515457999956,3767.9842490001647
Q000444,28.15037499999562,20.16587499997513,0.038040999925215147,3733.49054099981,3781.844831999706
Q000445,24.544583999841052,17.087791999983892,0.03245800007789512,3858.052834000091,3899.717667999994
Q000446,20.986166999819034,15.780958000050305,0.030874999993102392,3596.349165999982,3633.147165999844
Q000447,18.128791999970417,15.087583999957133,0.029457999971782556,4020.846333999998,4054.0921679998974
Q000448,33.7493340000492,23.258208000015657,0.06008299988025101,3421.7271249999612,3478.7947499999063
Q000449,23.621875000117143,18.275874999972075,0.03483399996184744,3853.2926249999946,3895.2252090000457
Q000450,152.34179200001563,49.996333000080995,0.05116600004839711,4301.2699160001375,4503.659207000283
Q000451,25.340000000142027,17.971958000089217,0.03050000009352516,4029.9139169999307,4073.2563750002555
Q000452,23.40849999995953,15.118416999939654,0.029083000072205323,4251.638250000042,4290.194250000013
Q000453,26.696542000081536,16.117916999974113,0.036167000189379905,3838.413375000073,3881.264001000318
Q000454,21.337458000061815,14.066292000052272,0.03375000005689799,4323.074832999964,4358.512333000135
Q000455,40.76783300001807,20.936666000125115,0.08499999989908247,3758.833291999963,3820.6227910000052
Q000456,20.038415999806602,22.21629199993913,0.028959000019312953,4188.690292000047,4230.973958999812
Q000457,25.47212500007845,19.459500000039043,0.03116599987151858,3667.433333999952,3712.396124999941
Q000458,36.39816600002632,25.811999999859836,0.053166000043347594,3769.405959000096,3831.6692910000256
Q000459,19.869291999839334,17.233291999900757,0.028708999934679014,3787.1262500000284,3824.257542999703
Q000460,26.562332999901628,21.697084000152245,0.047250000079657184,4092.3647919998984,4140.671459000032
Q000461,26.072541999837995,19.895457999837163,0.040416999809167464,4110.330792000013,4156.339208999498
Q000462,22.85462500003632,17.215458000009676,0.028292000024521258,3895.760874999951,3935.8592500000213
Q000463,37.197999999989406,26.759041000104844,0.0592089998008305,3855.074416999969,3919.090666999864
Q000464,25.28629100015678,19.724457999927836,0.03145899995615764,3937.889084000062,3982.931292000103
Q000465,20.791958000017985,19.696874999908687,0.032583999882263015,3795.879917000093,3836.401333999902
Q000466,34.5492500000546,18.684041999904366,0.0290410000616248,3821.9406250000247,3875.2029580000453
Q000467,28.17691699988245,15.588791000027413,0.03420799998821167,3543.5286669999186,3587.3285829998167
Q000468,21.48162499997852,17.02724999995553,0.027832999876409303,3846.964625000055,3885.5013329998656
Q000469,33.21312499997475,22.155500000053507,0.029708000056416495,4881.509334000157,4936.907667000241
Q000470,46.11945800002104,139.16908299984243,0.3034999999727006,3984.288332999995,4169.880373999831
Q000471,106.5926670000863,32.09991699986858,0.05179100003260828,3756.8038749998323,3895.5482499998197
Q000472,25.747124999952575,22.266291999812893,0.03316700008326734,3638.6690839999574,3686.715667999806
Q000473,21.152249999886408,25.170375000016065,0.031249999892679625,3834.300792000022,3880.654666999817
Q000474,46.828125000047294,25.262957999984792,0.03895800000464078,4367.188791999979,4439.318833000016
Q000475,33.94420800009357,25.46533300005649,0.033583999993425095,3973.6640409998927,4033.107166000036
Q000476,22.745250000070882,24.29149999989022,0.045666000005439855,5276.2678750000305,5323.350290999997
Q000477,38.714374999926804,27.124208000032013,0.055958000075406744,4808.777417000101,4874.671958000135
Q000478,43.296749999854,20.981500000061715,0.03754199997274554,4749.225416999934,4813.541208999823
Q000479,37.14816700016854,19.656125000210523,0.028332999818303506,6606.051667000202,6662.884292000399
Q000480,39.36366700008875,23.71525000012298,0.04583400004776195,3791.418915999884,3854.5436670001436
Q000481,36.90879100008715,23.00575000003846,0.032833999966896954,3949.8307909998402,4009.7781659999328
Q000482,31.148083000061888,30.716750000010506,0.03633300002547912,4409.266165999952,4471.16733200005
Q000483,28.808082999603357,20.368542000142043,0.03375000005689799,7092.750042000262,7141.960417000064
Q000484,38.59929200007173,23.741208000046754,0.038624999888270395,4248.443917000259,4310.823042000266
Q000485,31.049125000208733,25.182667000080983,0.026916000024357345,3705.065457999808,3761.324166000122
Q000486,25.33604199970796,19.18562499986365,0.02804099995046272,3839.770583000245,3884.320290999767
Q000487,36.63795800002845,17.594040999938443,0.030417000289162388,3546.8320830000266,3601.0944990002827
Q000488,28.48474999973405,23.742500000025757,0.031167000088316854,3710.480291999829,3762.7387089996773
Q000489,24.008708000110346,19.09441700036041,0.0328749997606792,4284.755082999709,4327.89108299994
Q000490,203.65875000015876,127.06329100001312,0.03704100026880042,4492.233041999953,4822.992124000393
Q000491,201.02099999985512,26.903875000243715,0.03654200008895714,4452.008666999973,4679.970084000161
Q000492,28.14816599993719,18.3481250001023,0.0324170000567392,4989.790208999693,5036.3189169997895
Q000493,42.537415999959194,24.357667000003858,0.0341250001838489,3627.131208999799,3694.060416999946
Q000494,19.779665999976714,16.59387500012599,0.03337499992994708,4212.012916999811,4248.4198329998435
Q000495,25.93604100002267,17.571124999903986,0.029457999971782556,4906.524874999832,4950.06149899973
Q000496,42.40558299989061,19.275041000128113,0.0469169999632868,3975.3034999998818,4037.0310409998638
Q000497,19.816583000192622,16.277207999792154,0.025042000288522104,3842.620458000056,3878.739291000329
Q000498,15.337457999976323,18.70320800026093,0.026165999770455528,3841.2625000000844,3875.329332000092
Q000499,23.339458000009472,15.802667000116344,0.02604100018288591,3595.191166999939,3634.3593330002477
Q000500,23.18254200008596,15.548833000138984,0.027084000066679437,3943.6688330001743,3982.427292000466
Q000501,24.410291999629408,15.577374999793392,0.030541999876732007,3871.3419999999132,3911.360208999213
Q000502,19.972499999767024,16.58470899974418,0.028792000193789136,4108.641124999849,4145.227125999554
Q000503,18.412416000046505,14.674833000299259,0.024292000034620287,3831.5560840001126,3864.667625000493
Q000504,16.842125000039232,13.865541000086523,0.03500000002532033,4345.237790999818,4375.980456999969
Q000505,41.06350000029124,18.955208000079438,0.04266699988875189,4481.211583999993,4541.272959000253
Q000506,24.993874999836407,19.240582999827893,0.03058300035263528,3837.672874999953,3881.93791599997
Q000507,20.86270899962983,17.094334000375966,0.03245799962314777,3805.84937499998,3843.8388759996087
Q000508,26.906666999821027,17.873666000014055,0.036207999983162154,3971.7904590002036,4016.607000000022
Q000509,29.585834000044997,15.507832999901439,0.03550000019458821,3823.5084580001057,3868.6376250002468
Q000510,18.386540999927092,16.801834000034432,0.032499999633728294,4702.496291999978,4737.717166999573
Q000511,57.57916699985799,24.84383399996659,0.3359999996064289,4021.8072910001865,4104.5662919996175
Q000512,25.73091599970212,20.454749999771593,0.028375000056257704,3741.270375000113,3787.484415999643
Q000513,21.205166999607172,19.145375000334752,0.03337500038469443,3954.967165999733,3995.3510830000596
Q000514,36.59104100006516,18.526333000409068,0.038749999930587364,6946.21350000034,7001.369624000745
Q000515,73.5371670002678,29.05933300007746,0.05354199993234943,4416.744333000224,4519.394375000502
Q000516,28.786791000129597,16.878707999694598,0.03283400019427063,6182.438666000053,6228.136999000071
Q000517,50.64766699979373,23.604208000051585,0.04866700010097702,4483.459833000325,4557.760375000271
Q000518,28.442583000014565,24.427374999959284,0.0374589999410091,3855.1030000003266,3908.0104170002414
Q000519,33.99208299970269,21.761957999842707,0.04295799999454175,4031.8394999999327,4087.6364989994727
Q000520,24.765375000242784,21.123125000030996,0.0328749997606792,4690.201832999719,4736.1232079997535
Q000521,59.33179200019367,20.505375000084314,0.04004099992016563,4361.766374999661,4441.643582999859
Q000522,42.12637499995253,24.089665999781573,0.03616699996200623,5293.377834000239,5359.630041999935
Q000523,57.51683399967078,33.81625000019994,0.08508299970344524,5077.258875000098,5168.677041999672
Q000524,38.21504100005768,23.870666000220808,0.03400000014153193,3849.3206250000185,3911.4403320004385
Q000525,31.408625000040047,24.023791000217898,0.039957999888429185,4230.868915999963,4286.341290000109
Q000526,42.7641669998593,22.17991699990307,0.04095800022696494,4159.454791999906,4224.439833999895
Q000527,19.403624999995372,15.909041999748297,0.02633400026752497,4138.994708000155,4174.333709000166
Q000528,36.603207999633014,22.182250000241766,0.03283299975009868,4077.866458999779,4136.684749999404
Q000529,43.329999999969004,24.38537499983795,0.03658300011011306,4611.938916999861,4679.690874999778
Q000530,42.38933300030112,29.763791999812383,0.04345800016380963,3933.8886670002466,4006.085250000524
Q000531,25.68204199997126,26.984749999883206,0.033458999951108126,4325.981167000009,4378.681417999815
Q000532,36.522375000004104,19.887917000232846,0.0340419996973651,4207.463542000369,4263.907876000303
Q000533,36.02929199996652,25.866959000268253,0.04479199969864567,3449.8740419999194,3511.815084999853
Q000534,30.00145900023199,23.135082999942824,0.0268329999926209,3684.24295900013,3737.4063340002976
Q000535,29.32825000016237,26.58545799977219,0.03983300030085957,4163.039375000153,4218.9929160003885
Q000536,165.32162500016057,178.94562499986932,0.03945800017390866,5595.318833999954,5939.625542000158
Q000537,36.55158299989125,38.08545900028548,0.03854199985653395,4750.286250000045,4824.961834000078
Q000538,37.45666599979813,21.537458000238985,0.05600000031336094,4434.291666000263,4493.341790000613
Q000539,28.292583000165905,20.792666000033933,0.030209000215108972,4884.667499999978,4933.782958000393
Q000540,29.08041599994249,23.881084000095143,0.03070800039495225,4258.951208999861,4311.943417000293
Q000541,185.28470799992647,180.859290999706,0.03641700004664017,4455.4365420003705,4821.61695800005
Q000542,48.04187500030821,29.615416000069672,0.058292000176152214,5103.014625000014,5180.730208000568
Q000543,29.063124999993306,29.265957999996317,0.038499999845953425,4948.036082999806,5006.403665999642
Q000544,55.78266700013046,22.369124999841006,0.06291699992289068,5315.855917000135,5394.07062600003
Q000545,25.819291999596317,18.38758299982146,0.03575000027922215,4830.3330839999035,4874.5757089996005
Q000546,136.92037500004517,84.90783399975044,0.04258299986759084,7072.574291000365,7294.445083000028
Q000547,40.00862500015501,18.952041999909852,0.031167000088316854,4038.251874999787,4097.24370899994
Q000548,26.783292000345682,18.343957999604754,0.029292000363057014,3880.7469169996693,3925.903458999983
Q000549,46.85737499994502,25.765041999875393,0.047125000037340214,4362.7042499997515,4435.373791999609
Q000550,32.163166999907844,22.6749580001524,0.0380000001314329,3726.941125000394,3781.817250000586
Q000551,24.600792000001093,18.1037910001578,0.031833000321057625,3949.2365829996743,3991.9729990001542
Q000552,19.132417000037094,16.731167000216374,0.033708000046317466,3923.5918750000565,3959.4891670003562
Q000553,30.966374999934487,27.7908330003811,0.03458300034253625,4114.106667000215,4172.898458000873
Q000554,27.778499999840278,20.367583999814087,0.03666599968710216,4581.2692499998775,4629.451999999219
Q000555,29.672665999896708,18.095207999976992,0.039540999750897754,4457.775292000406,4505.5827070000305
Q000556,109.13770800016209,69.21662500008097,0.024792000203888165,3807.04812499971,3985.427250000157
Q000557,24.973041000066587,19.290042000193353,0.03787500008911593,3897.8061249999882,3942.1070830003373
Q000558,26.265541999691777,17.319208000117214,0.03479099996184232,3951.3174589997107,3994.9369999994815
Q000559,25.59370900007707,23.031375000300613,0.03479200040601427,4184.668000000329,4233.327876001113
Q000560,33.70512499986944,14.390708000064478,0.04120800031159888,4167.39195900027,4215.529000000515
Q000561,30.94370799999524,19.428125000104046,0.03441699982431601,4116.556666999713,4166.962916999637
Q000562,24.464999999963766,16.489083000124083,0.050584000291564735,4905.861791999996,4946.8664590003755
Q000563,106.90495799963173,105.01587499993548,0.06479200010289787,4188.125791999937,4400.111416999607
Q000564,23.564709000311268,17.344666999633773,0.031042000045999885,3706.32387500018,3747.264293000171
Q000565,27.12154200025907,18.569750000096974,0.03366700002516154,4238.81716599999,4284.542125000371
Q000566,44.42391700013104,23.819583000204148,0.05599999985861359,3969.841084000109,4038.1405840003026
Q000567,26.54870900005335,22.185290999914287,0.03387500009921496,3857.5962500003698,3906.3641250004366
Q000568,22.90045799963991,19.45020800030761,0.03033399980267859,4263.600499999939,4305.981499999689
Q000569,39.07083300009617,20.653083000070183,0.044875000185129466,4583.826582999791,4643.595374000142
Q000570,23.13750000030268,20.072833999620343,0.030749999950785423,4270.27175000012,4313.512833999994
Q000571,55.0717920000352,18.83733399972698,0.043792000269604614,6509.7279999999955,6583.680918000027
Q000572,23.690084000008937,19.80304199969396,0.02750000021478627,3872.5844159998815,3916.105041999799
Q000573,17.854499999884865,12.435124999683467,0.03279100019426551,3721.884125000088,3752.2065409998504
Q000574,15.091540999947028,18.902292000348098,0.03212500041627209,4704.44016700003,4738.466125000741
Q000575,15.432499999860738,16.031457999815757,0.03300000025774352,4914.980084000035,4946.4770419999695
Q000576,39.95695799994792,19.528374999936204,0.049665999995340826,5164.29987499987,5223.834873999749
Q000577,13.35491700001512,11.968999999680818,0.026416999844514066,3818.3505000001787,3843.700833999719
Q000578,19.339041999955953,16.63662500004648,0.05504099999598111,3689.143999999942,3725.1747079999404
Q000579,15.299874999982421,13.751500000125816,0.03816700018433039,4200.971374999881,4230.0609170001735
Q000580,27.899333000277693,13.781666999875597,0.03483399996184744,5145.100541999909,5186.816376000024
Q000581,23.39837500039721,14.603499999793712,0.04137499990974902,3956.245165999917,3994.2884160000176
Q000582,14.361250000092696,12.111332999666047,0.03554200020516873,3829.0776250000818,3855.5857500000457
Q000583,19.290041999738605,10.725375000220083,0.02845800008799415,3488.429707999785,3518.4735829998317
Q000584,20.715666999876703,13.589666999905603,0.03454100033195573,3977.7473340000142,4012.0872090001285
Q000585,16.921166999964043,10.660040999937337,0.027874999886989826,4019.5514170000024,4047.1604999997908
Q000586,14.921916000275814,12.041750000207685,0.030874999993102392,3680.67850000034,3707.6730410008167
Q000587,13.67004200028532,12.477417000354762,0.0345839998772135,3779.9258750001172,3806.1079180006345
Q000588,15.452832999926613,12.151958999766066,0.03133300015178975,4405.845250000311,4433.481375000156
Q000589,17.11545800026215,12.228374999722291,0.03029200024684542,4556.786208000176,4586.160333000407
Q000590,32.76191700024356,16.36537500007762,0.04466700011107605,4611.684790999789,4660.856750000221
Q000591,39.28720800013252,20.49841699999888,0.03112500007773633,4714.17029200029,4773.987042000499
Q000592,32.38470799988136,17.560833000061393,0.04083299972990062,4478.944291000062,4528.930664999734
Q000593,17.39683400001013,11.344457999712176,0.027999999929306796,3701.2662080001064,3730.035499999758
Q000594,29.645042000083777,15.130042000237154,0.039958999877853785,3570.9228750001785,3615.7379180003772
Q000595,20.02700000002733,16.50100000006205,0.03283400019427063,4223.856916999921,4260.417751000205
Q000596,20.804250000310276,16.89945899988743,0.03333299991936656,3887.731750000057,3925.4687920001743
Q000597,37.90929199976745,20.050790999903256,0.0357499998244748,3703.684500000236,3761.680332999731
Q000598,30.369541999789362,18.83662499994898,0.02966700003526057,3916.6269170000305,3965.862750999804
Q000599,25.943333000213897,23.325999999997293,0.04387500030134106,3567.845000000034,3617.1582080005464
Q000600,27.331499999945663,18.826666999757435,0.03312499984531314,3998.421833000066,4044.6131249996142
Q000601,27.62979199997062,16.909625000153028,0.0329590002365876,4570.690208000087,4615.2625840004475
Q000602,29.254917000343994,17.57429199960825,0.03308300028947997,4130.226125000263,4177.088417000505
Q000603,30.8023749998938,28.287041000112367,0.033291999898210634,4669.6516669999255,4728.77437499983
Q000604,36.6865829996641,20.827625000038097,0.0519579998581321,3721.5494999995826,3779.115665999143
Q000605,39.44204100025672,21.404999999958818,0.05566600020756596,3822.7658750001865,3883.6685820006096
Q000606,30.691874999774882,18.633167000189133,0.03641600005721557,4116.474707999714,4165.836165999735
Q000607,29.678709000108938,18.613041999742563,0.030125000193947926,3785.218833000272,3833.5407090003173
Q000608,21.819624999807274,21.608957999887934,0.03133300015178975,3880.884167000204,3924.344083000051
Q000609,27.56912500035469,24.125166999965586,0.047958999857655726,3761.1770420003268,3812.9192930005047
Q000610,29.07408300006864,14.838667000276473,0.029874999654566636,4561.253124999894,4605.195749999893
Q000611,33.869583000068815,16.304541999943467,0.030499999866151484,3978.6433330000364,4028.847957999915
Q000612,21.18345799999588,27.980165999906603,0.03354199998284457,3775.2134170000318,3824.410582999917
Q000613,34.0268750001087,18.07595799982664,0.040708000142331,4017.2878330004096,4069.4313740004873
Q000614,21.897957999954087,17.661624999618653,0.03029100025742082,3598.3511670001462,3637.9410409999764
Q000615,22.38554199993814,18.491124999854947,0.032250000003841706,4145.545666000089,4186.454582999886
Q000616,24.552291999953013,18.31904199980272,0.02991700011989451,3756.8373340000107,3799.7385849998864
Q000617,27.284709000014118,17.28591699975368,0.036625000120693585,4004.210250000142,4048.8175010000305
Q000618,23.477374999856693,16.98770900020463,0.030124999739200575,4219.938583000385,4260.433792000185
Q000619,25.119791000179248,18.250125000122353,0.02391699990766938,3896.327250000013,3939.7210830002223
Q000620,32.810000000154105,19.890624999788997,0.041958000110753346,3748.49337500018,3801.235958000234
Q000621,19.984875000318425,17.613625000194588,0.02499999982319423,3653.3877089996167,3691.011208999953
Q000622,26.10866699978942,20.753624999997555,0.032375000046158675,3827.506832999916,3874.401499999749
Q000623,20.933332999902632,18.3670000001257,0.029208000341895968,3736.2100840000494,3775.5396250004196
Q000624,23.648332999982813,18.038666999927955,0.04058400008943863,3683.2358330002535,3724.9634170002537
Q000625,23.58929199999693,13.749332999850594,0.027584000235947315,4617.389875000299,4654.7560840003825
Q000626,27.757000000292464,17.392083999766328,0.04212499970890349,3826.00254099998,3871.1937499997475
Q000627,16.48662499974307,16.214083999784634,0.03362500001458102,3919.6439580000515,3952.378291999594
Q000628,20.25241699993785,15.167583999755152,0.031833999855734874,3978.479166999932,4013.931001999481
Q000629,23.93691699990086,17.211041999871668,0.03333400036353851,4066.5788749997773,4107.760167999913
Q000630,22.92975000000297,16.239666000274156,0.030624999908468453,3960.309666000285,3999.5097070004704
Q000631,18.04649999985486,18.781750000016473,0.03349999997226405,4618.906750000406,4655.768500000249
Q000632,15.97129199990377,17.4871669996719,0.03220799999326118,3931.5346250000403,3965.025291999609
Q000633,27.528541999799927,14.687749999666266,0.041415999930904945,4296.300374999646,4338.558082999043
Q000634,31.80504200008727,18.722792000062327,0.042749999920488335,6218.593874999897,6269.164458999967
Q000635,23.18749999994907,14.359082999817474,0.032750000173109584,3844.1976660001274,3881.776999000067
Q000636,14.331416999993962,14.180790999944293,0.03045799985557096,4135.739915999693,4164.282581999487
Q000637,17.199959000208764,15.788167000209796,0.031334000141214347,3970.2847909998127,4003.3042510003725
Q000638,20.72458300017388,16.028042000016285,0.03608399993026978,3894.3622079996203,3931.1509169997407
Q000639,15.95479100024022,15.003333000095154,0.029541000003519002,4056.7800840003656,4087.7677490007045
Q000640,26.117625000097178,31.407708999722672,0.038374999803636456,3986.348624999664,4043.9123339992875
Q000641,17.558833999828494,14.132666000023164,0.029750000066997018,4099.351915999705,4131.073165999624
Q000642,34.508708999965165,20.071458000074927,0.0418750000790169,3928.4701669998867,3983.092209000006
Q000643,20.039042000007612,14.114874999904714,0.0318749998768908,3797.0163330001014,3831.2021249998907
Q000644,33.67708299992955,18.191292000210524,0.04666599988922826,5819.178292000288,5871.093333000317
Q000645,14.619000000038795,13.764916000127414,0.029041999823675724,3657.2140830003264,3685.6270410003162
Q000646,35.83170899992183,20.863249999820255,0.048458000037499005,5051.067583000076,5107.810999999856
Q000647,24.48283400008222,14.938916999653884,0.03458300034253625,4810.1097079998,4849.5660419998785
Q000648,18.49379100031001,14.189083000019309,0.03258399965488934,4250.160790999871,4282.876248999855
Q000649,23.410917000092013,25.199000000156957,0.03974999981437577,3568.794750000052,3617.444417000115
Q000650,19.178582999757054,15.73587500024587,0.02754199977061944,3637.1650000000955,3672.106999999869
Q000651,15.882042000157526,13.177416999951674,0.026000000161729986,4326.414416000262,4355.4998750005325
Q000652,56.88845900021988,25.827625000147236,0.04350000017439015,5172.7307920000385,5255.49037600058
Q000653,73.82387500001641,37.04370800005563,0.08925000020099105,4482.719291999729,4593.676125000002
Q000654,22.952041999815265,20.72245799990924,0.03162500024700421,3877.37637500004,3921.0825000000114
Q000655,35.91041600020617,24.03287500010265,0.033833000088634435,3750.3193750003447,3810.296499000742
Q000656,23.019582999950217,18.02662499994767,0.031709000268165255,4061.6830419999133,4102.760959000079
Q000657,28.396416999839857,18.68904200000543,0.03266700014137314,3950.775000000249,3997.8931260002355
Q000658,29.77562499972919,23.256208000020706,0.045416999910230516,4368.807249999918,4421.884499999578
Q000659,23.22737499980576,17.34012499991877,0.029457999971782556,4208.933583999624,4249.53054199932
Q000660,17.458958000133862,18.205584000043018,0.034375000268482836,4869.028624999828,4904.727542000273
Q000661,41.64683299995886,20.692167000106565,0.06158399992273189,6558.085249999749,6620.485833999737
Q000662,25.426417000289803,19.663291999677313,0.03245800007789512,4190.363041999717,4235.485208999762
Q000663,43.2070830001976,19.42704200018852,0.06670799984931364,3819.78320799999,3882.4840410002253
Q000664,31.87529100023312,20.579208999606635,0.035166999623470474,4084.216333999848,4136.706000999311
Q000665,19.2047079999611,19.4519169999694,0.028791000204364536,3560.6805420002274,3599.3659580003623
Q000666,24.934083000061946,16.626082999664504,0.04108300026928191,5717.620249999982,5759.2214989999775
Q000667,26.75483399980294,19.56079100000352,0.02870799971788074,4352.621791000274,4398.966123999799
Q000668,33.047458000055485,19.483457999740494,0.13679199992111535,3782.4067500000638,3835.074457999781
Q000669,19.323875000281987,19.112291999590525,0.035291000131110195,4397.103875000084,4435.575333000088
Q000670,26.554791999842564,32.93954099990515,0.035959000342700165,5344.452958000147,5403.983250000238
Q000671,28.223583999988477,18.854333000035695,0.04508399979386013,4088.70670899978,4135.829709999598
Q000672,22.717959000146948,23.449583999990864,0.03337499992994708,4731.418958000177,4777.619876000244
Q000673,26.25495799975397,17.25245800025732,0.03366700002516154,5846.628750000036,5890.169833000073
Q000674,28.492041999925277,21.445625000069413,0.04324999963500886,3878.554957999768,3928.5358749993975
Q000675,26.123041000118974,23.582625000017288,0.03320799987704959,4436.991749999834,4486.730623999847
Q000676,26.675583999804076,19.13933400010137,0.031292000130633824,4832.144999999855,4877.991209999891
Q000677,40.57641700001113,24.14983399967241,0.050707999889709754,5304.058291999809,5368.835250999382
Q000678,37.484000000404194,26.525917000071786,0.04604200012181536,4518.010416999914,4582.066376000512
Q000679,30.537209000158327,18.48791699967478,0.03641700004664017,4014.294958999926,4063.356501999806
Q000680,45.15854199962632,31.458500000098866,0.05375000000640284,4405.058792000091,4481.729583999822
Q000681,22.29712500002279,28.7052919998132,0.04450000005817856,4312.51416699979,4363.561083999684
Q000682,31.32729200024187,21.336957999665174,0.03645800006779609,4437.6333749996775,4490.334082999652
Q000683,44.42074999997203,24.55995799982702,0.0312500001200533,4309.68299999995,4378.694957999869
Q000684,25.39687499984211,22.883834000367642,0.03245900006731972,4071.6665420000027,4119.97971000028
Q000685,41.31866699981401,35.28374999996231,0.0693329998284753,4856.941167000059,4933.612916999664
Q000686,45.87100000026112,45.48437499988722,0.049792000027082395,4908.851416999823,5000.256583999999
Q000687,37.53904199993485,24.593874999936816,0.035167000078217825,4953.9098329996705,5016.07791699962
Q000688,29.67283399993903,23.531542000000627,0.03537500015227124,5118.531458000234,5171.771209000326
Q000689,54.813917000046786,31.38962499997433,0.056999999742402,4000.832291000279,4087.0928330000424
Q000690,26.71204199987187,29.84695900022416,0.04045800005769706,4637.0234579999305,4693.622917000084
Q000691,40.93904199999088,27.715291999811598,0.03812500017374987,4146.824542000104,4215.51700100008
Q000692,174.26608400000987,21.836166999946727,0.025291000383731443,4044.922208999651,4241.049750999991
Q000693,17.313374999957887,14.788334000058967,0.03029200024684542,3939.875334000135,3972.0073350003986
Q000694,37.643790999936755,20.21279200016579,0.04904200022792793,4416.46745900016,4474.37308400049
Q000695,16.999124999983906,14.822499999809224,0.0307079999402049,4299.78170800041,4331.634041000143
Q000696,24.96687499979089,13.98745799997414,0.033708000046317466,4490.638499999932,4529.626540999743
Q000697,19.694750000326167,15.545958000075188,0.03287500021542655,4611.886416999823,4647.16000000044
Q000698,40.9017919996586,18.97583299978578,0.05212499991102959,3891.4199169998938,3951.349666999249
Q000699,19.966249999924912,19.850374999805354,0.038749999930587364,4085.8509159997993,4125.70629099946
Q000700,28.756083000189392,19.35833299967271,0.04558299997370341,3924.694959000135,3972.854957999971
Q000701,25.121500000295782,19.34545900030571,0.035166000088793226,4204.94408400009,4249.44620900078
Q000702,18.26112499975352,15.96262500015655,0.03508300005705678,4311.518749999777,4345.7775829997445
Q000703,29.380583000147453,21.348833000047307,0.03720799986695056,3734.3755000001693,3785.142124000231
Q000704,24.686417000339134,14.722707999681006,0.030666000384371728,3972.9357500000333,4012.375541000438
Q000705,28.199250000398024,16.830084000048373,0.048042000344139524,4153.73504199988,4198.812418000671
Q000706,38.74883300022702,17.888416000005236,0.03616599997258163,4414.062374999958,4470.7357900001625
Q000707,27.720749999843974,20.16975000015009,0.14833300019745366,4205.686499999956,4253.725333000148
Q000708,20.819625000058295,17.398208000031445,0.031167000088316854,3935.940500000015,3974.189500000193
Q000709,20.340333000149258,16.235499999766034,0.03287500021542655,4254.483875000005,4291.092583000136
Q000710,25.748166000084893,18.051915999876655,0.03825000021606684,4176.77062499979,4220.608956999968
Q000711,28.09933299977274,22.096291999787354,0.03404100016268785,3719.9669579999863,3770.196623999709
Q000712,35.23008399997707,23.684374999902502,0.06554100036737509,3864.8623750000297,3923.8423750002767
Q000713,19.86750000014581,18.928333000076236,0.03724999987753108,5101.76462499976,5140.597707999859
Q000714,28.535458000078506,23.29112500001429,0.041416999920329545,4791.783083000155,4843.651083000168
Q000715,33.988958000009006,22.455959000126313,0.08962500032794196,3994.438208000247,4050.97275000071
Q000716,19.88429199991515,18.30500000005486,0.035582999771577306,3667.605791999904,3705.8306669996455
Q000717,18.768124999951397,19.18904099966312,0.037709000025643036,3756.270959000176,3794.265833999816
Q000718,32.09508300005837,20.412834000126168,0.033583000004000496,3626.3400419998106,3678.881541999999
Q000719,20.833709000271483,16.46512499974051,0.027999999929306796,3741.1074999999983,3778.4343339999396
Q000720,18.627040999945166,18.724915999882796,0.03166699980283738,3637.5458329998764,3674.9294569995072
Q000721,26.98220799993578,19.990999999663472,0.030665999929624377,4816.081957999813,4863.085831999342
Q000722,33.34758299979512,17.733165999743505,0.045415999920805916,4080.9993749999194,4132.125539999379
Q000723,21.797416000026715,20.01891700001579,0.03391700010979548,3964.3850000002203,4006.2352500003726
Q000724,30.92937500014159,18.131000000266795,0.036249999993742676,3619.97137499975,3669.068000000152
Q000725,26.76495800005796,17.916374999913387,0.03858400032186182,3654.2487920000895,3698.9687090003827
Q000726,21.06691700009833,15.941625000323256,0.04316600006859517,3981.3634580000326,4018.4151660005227
Q000727,24.67849999993632,18.875332999868988,0.03137499970762292,4820.813083000303,4864.398290999816
Q000728,32.69591600019339,23.532790999979625,0.03387500009921496,4047.8722080001717,4104.134790000444
Q000729,34.46087499969508,28.086625000014465,0.04362499976195977,3986.7572500002098,4049.3483749996813
Q000730,30.285249999906227,22.234417000163376,0.04374999980427674,6232.501625000168,6285.065042000042
Q000731,40.75783300004332,35.21920799994405,0.03216699997210526,4776.65637500013,4852.665583000089
Q000732,54.73233400016397,29.711624999890773,0.13062499965599272,4718.979666999985,4803.554250999696
Q000733,34.25633300003028,21.507082999960403,0.034916999993583886,3908.8941249997333,3964.6924579997176
Q000734,20.97504099992875,22.324999999909778,0.03641700004664017,3711.814540999967,3755.150998999852
Q000735,22.485750000214466,19.002333999651455,0.0335000004270114,4023.9223339999626,4065.4439180002555
Q000736,27.10558300032062,18.500791999940702,0.037708000036218436,4294.578000000001,4340.222083000299
Q000737,41.348124999785796,22.55354199996873,0.04024999998364365,3822.8662920000716,3886.8082089998097
Q000738,18.11737499974697,19.665374999931373,0.03299999980299617,4527.448708000065,4565.264457999547
Q000739,30.13562500018452,19.638959000076284,0.059750000218627974,3956.555415999901,4006.3897500003804
Q000740,20.665833000293787,17.49704100029703,0.03154199976052041,4216.210500000216,4254.404916000567
Q000741,21.543166999890673,20.403666000220255,0.03166599981341278,4733.878209000068,4775.856707999992
Q000742,35.77575000008437,21.06587500020396,0.04495800021686591,4245.463125000242,4302.349708000747
Q000743,24.729417000344256,22.29037500001141,0.032666999686625786,4065.374000000247,4112.4264590002895
Q000744,24.729499999921245,20.50774999997884,0.02937499994004611,4129.804916000012,4175.071540999852
Q000745,29.384624999693187,21.135874999799853,0.03500000002532033,5072.687124999902,5123.2426249994205
Q000746,29.578666999896086,22.31258399979197,0.03658300011011306,5064.59333399971,5116.521167999508
Q000747,39.11191699990013,23.134542000207148,0.0697079999554262,4700.722292000137,4763.0384590001995
Q000748,27.93966699982775,24.58370800013654,0.03554099976099678,3768.980875000125,3821.53979099985
Q000749,22.66166700019312,23.290166999686335,0.03441599983489141,4958.785167000315,5004.771417000029
Q000750,36.08750000012151,30.909082999642123,0.05116600004839711,4188.966042000175,4256.013790999987
